[{"id":"628989031500@s.whatsapp.net","limit":50},{"id":"6289513167121@s.whatsapp.net","limit":0},{"id":"6281331005552@s.whatsapp.net","limit":3},{"id":"595985781193@s.whatsapp.net","limit":3},{"id":"6283898732422@s.whatsapp.net","limit":13},{"id":"6282141336651@s.whatsapp.net","limit":6},{"id":"6285758140783@s.whatsapp.net","limit":1},{"id":"6287880121548@s.whatsapp.net","limit":11},{"id":"6287859260756@s.whatsapp.net","limit":1},{"id":"6285321863791@s.whatsapp.net","limit":1},{"id":"6288221462359@s.whatsapp.net","limit":3},{"id":"6282323193219@s.whatsapp.net","limit":12},{"id":"6289513324303@s.whatsapp.net","limit":8},{"id":"6283162964584@s.whatsapp.net","limit":-2},{"id":"6287711803408@s.whatsapp.net","limit":1},{"id":"6289508534245@s.whatsapp.net","limit":1},{"id":"6282110582909@s.whatsapp.net","limit":7},{"id":"6287858769085@s.whatsapp.net","limit":1},{"id":"6281991470238@s.whatsapp.net","limit":2},{"id":"6289636324034@s.whatsapp.net","limit":9},{"id":"6289531865505@s.whatsapp.net","limit":4},{"id":"6287702691810@s.whatsapp.net","limit":3},{"id":"6289618722419@s.whatsapp.net","limit":-2},{"id":"628817835465@s.whatsapp.net","limit":14},{"id":"6281262457069@s.whatsapp.net","limit":6},{"id":"6285656632347@s.whatsapp.net","limit":3},{"id":"6289523047504@s.whatsapp.net","limit":1},{"id":"6288705894541@s.whatsapp.net","limit":2},{"id":"6287826915553@s.whatsapp.net","limit":0},{"id":"6289620394668@s.whatsapp.net","limit":1},{"id":"6285892939329@s.whatsapp.net","limit":-16},{"id":"6281297446782@s.whatsapp.net","limit":33},{"id":"6282376979627@s.whatsapp.net","limit":0},{"id":"6285700061671@s.whatsapp.net","limit":0},{"id":"6285890391077@s.whatsapp.net","limit":1},{"id":"62895354590006@s.whatsapp.net","limit":15},{"id":"6285348770136@s.whatsapp.net","limit":3},{"id":"6285264007224@s.whatsapp.net","limit":0},{"id":"6283897052474@s.whatsapp.net","limit":4},{"id":"6285792693966@s.whatsapp.net","limit":30},{"id":"628978605277@s.whatsapp.net","limit":15},{"id":"6281515860089@s.whatsapp.net","limit":1},{"id":"6285741957182@s.whatsapp.net","limit":2},{"id":"6281217648226@s.whatsapp.net","limit":2},{"id":"916371808306@s.whatsapp.net","limit":0},{"id":"6285253418985@s.whatsapp.net","limit":0},{"id":"6281397617848@s.whatsapp.net","limit":2},{"id":"6289652848220@s.whatsapp.net","limit":0},{"id":"6282172731457@s.whatsapp.net","limit":0},{"id":"628819911134@s.whatsapp.net","limit":13},{"id":"6281393060533@s.whatsapp.net","limit":8},{"id":"6289655089500@s.whatsapp.net","limit":5},{"id":"6285733032674@s.whatsapp.net","limit":4},{"id":"6282143233535@s.whatsapp.net","limit":1},{"id":"6283865755798@s.whatsapp.net","limit":-54},{"id":"6282249489125@s.whatsapp.net","limit":2},{"id":"6289531537836@s.whatsapp.net","limit":10},{"id":"6281380116369@s.whatsapp.net","limit":6},{"id":"6285279635202@s.whatsapp.net","limit":2},{"id":"6287762518062@s.whatsapp.net","limit":28},{"id":"6289643090892@s.whatsapp.net","limit":1},{"id":"6283105188743@s.whatsapp.net","limit":2},{"id":"6287785362629@s.whatsapp.net","limit":1},{"id":"62895616013312@s.whatsapp.net","limit":1},{"id":"6281329830383@s.whatsapp.net","limit":46},{"id":"6285787744852@s.whatsapp.net","limit":23},{"id":"6282375626095@s.whatsapp.net","limit":17},{"id":"628889517069@s.whatsapp.net","limit":2},{"id":"6285927503550@s.whatsapp.net","limit":0},{"id":"6285891602059@s.whatsapp.net","limit":0},{"id":"6281398298299@s.whatsapp.net","limit":8},{"id":"559184155848@s.whatsapp.net","limit":3},{"id":"6283879872928@s.whatsapp.net","limit":22},{"id":"6285876210829@s.whatsapp.net","limit":8},{"id":"6281559844544@s.whatsapp.net","limit":17},{"id":"6281257220331@s.whatsapp.net","limit":10},{"id":"6289691712219@s.whatsapp.net","limit":15},{"id":"6281242156015@s.whatsapp.net","limit":5},{"id":"6289663065067@s.whatsapp.net","limit":3},{"id":"6289602330544@s.whatsapp.net","limit":-2},{"id":"6281223461902@s.whatsapp.net","limit":1},{"id":"6282276350125@s.whatsapp.net","limit":16},{"id":"6289662518213@s.whatsapp.net","limit":3},{"id":"62895397299077@s.whatsapp.net","limit":0},{"id":"628818819865@s.whatsapp.net","limit":0},{"id":"6289603658404@s.whatsapp.net","limit":1},{"id":"6282278989302@s.whatsapp.net","limit":2},{"id":"6285925833027@s.whatsapp.net","limit":0},{"id":"558598077092@s.whatsapp.net","limit":1},{"id":"6281549272152@s.whatsapp.net","limit":2},{"id":"6287742365162@s.whatsapp.net","limit":3},{"id":"6283157106732@s.whatsapp.net","limit":2},{"id":"6289699684948@s.whatsapp.net","limit":6},{"id":"6288276520699@s.whatsapp.net","limit":1},{"id":"6281214787724@s.whatsapp.net","limit":5},{"id":"6285722340435@s.whatsapp.net","limit":5},{"id":"6287860587388@s.whatsapp.net","limit":4},{"id":"6288226805070@s.whatsapp.net","limit":1},{"id":"62895413057674@s.whatsapp.net","limit":5},{"id":"6282159379068@s.whatsapp.net","limit":50},{"id":"6283802674141@s.whatsapp.net","limit":11},{"id":"6285894930001@s.whatsapp.net","limit":4},{"id":"628970956758@s.whatsapp.net","limit":1},{"id":"62895610063378@s.whatsapp.net","limit":2},{"id":"6283178031177@s.whatsapp.net","limit":7},{"id":"628113091555@s.whatsapp.net","limit":23},{"id":"6288704595235@s.whatsapp.net","limit":5},{"id":"6288286774508@s.whatsapp.net","limit":21},{"id":"6285377968846@s.whatsapp.net","limit":1},{"id":"6285691949462@s.whatsapp.net","limit":36},{"id":"6285691349735@s.whatsapp.net","limit":0},{"id":"6289530810357@s.whatsapp.net","limit":7},{"id":"6289621045825@s.whatsapp.net","limit":3},{"id":"628871824016@s.whatsapp.net","limit":6},{"id":"6287863948053@s.whatsapp.net","limit":-3},{"id":"6283195431949@s.whatsapp.net","limit":1},{"id":"6285792237701@s.whatsapp.net","limit":7},{"id":"6287781100760@s.whatsapp.net","limit":5},{"id":"6285726227427@s.whatsapp.net","limit":3},{"id":"6283819654409@s.whatsapp.net","limit":-5},{"id":"6285794193314@s.whatsapp.net","limit":10},{"id":"6283896085984@s.whatsapp.net","limit":0},{"id":"6283112295048@s.whatsapp.net","limit":0},{"id":"6283134733313@s.whatsapp.net","limit":0},{"id":"6282154599764@s.whatsapp.net","limit":1},{"id":"62857276116347@s.whatsapp.net","limit":7},{"id":"6285380910476@s.whatsapp.net","limit":0},{"id":"6289530880273@s.whatsapp.net","limit":8},{"id":"6282279083178@s.whatsapp.net","limit":2},{"id":"6288215027563@s.whatsapp.net","limit":1},{"id":"6288709790025@s.whatsapp.net","limit":0},{"id":"6285261163064@s.whatsapp.net","limit":2},{"id":"628157105310@s.whatsapp.net","limit":11},{"id":"13476998180@s.whatsapp.net","limit":1},{"id":"6288235435804@s.whatsapp.net","limit":1},{"id":"6281211612813@s.whatsapp.net","limit":6},{"id":"6289638252998@s.whatsapp.net","limit":2},{"id":"6285717856930@s.whatsapp.net","limit":-3},{"id":"6289513864036@s.whatsapp.net","limit":0},{"id":"6285780116524@s.whatsapp.net","limit":1},{"id":"6287870552007@s.whatsapp.net","limit":1},{"id":"6282331761976@s.whatsapp.net","limit":6},{"id":"6287816381662@s.whatsapp.net","limit":3},{"id":"6282278074508@s.whatsapp.net","limit":1},{"id":"966547764430@s.whatsapp.net","limit":2},{"id":"6287846541385@s.whatsapp.net","limit":1},{"id":"62895700525873@s.whatsapp.net","limit":12},{"id":"994405939688@s.whatsapp.net","limit":6},{"id":"6287831072962@s.whatsapp.net","limit":1},{"id":"6283894155113@s.whatsapp.net","limit":0},{"id":"6283821484086@s.whatsapp.net","limit":1},{"id":"6281553607105@s.whatsapp.net","limit":2},{"id":"6289693848709@s.whatsapp.net","limit":1},{"id":"62895321031645@s.whatsapp.net","limit":1},{"id":"6281286820515@s.whatsapp.net","limit":1},{"id":"6288803122973@s.whatsapp.net","limit":3},{"id":"6287810324253@s.whatsapp.net","limit":4},{"id":"6285727093196@s.whatsapp.net","limit":5},{"id":"6281285087435@s.whatsapp.net","limit":4},{"id":"6285866295942@s.whatsapp.net","limit":1}]