[{"id":"628989031500@s.whatsapp.net","uang":99000000},{"id":"6285876210829@s.whatsapp.net","uang":18385},{"id":"6281331005552@s.whatsapp.net","uang":20786},{"id":"6289691712219@s.whatsapp.net","uang":15461},{"id":"6289531537836@s.whatsapp.net","uang":10960},{"id":"6289662518213@s.whatsapp.net","uang":21328},{"id":"6281329830383@s.whatsapp.net","uang":11922},{"id":"6285758140783@s.whatsapp.net","uang":9850},{"id":"628817835465@s.whatsapp.net","uang":7364},{"id":"6289618722419@s.whatsapp.net","uang":10147},{"id":"6285792693966@s.whatsapp.net","uang":5995},{"id":"6285787744852@s.whatsapp.net","uang":5994},{"id":"6282376979627@s.whatsapp.net","uang":7469},{"id":"6285892939329@s.whatsapp.net","uang":5170},{"id":"62895397299077@s.whatsapp.net","uang":4930},{"id":"6289602330544@s.whatsapp.net","uang":4907},{"id":"6287788762137@s.whatsapp.net","uang":5810},{"id":"628978605277@s.whatsapp.net","uang":4636},{"id":"6282323193219@s.whatsapp.net","uang":4350},{"id":"6289699684948@s.whatsapp.net","uang":3858},{"id":"6281262457069@s.whatsapp.net","uang":4564},{"id":"6281559844544@s.whatsapp.net","uang":3866},{"id":"6285881924988@s.whatsapp.net","uang":3336},{"id":"6283105188743@s.whatsapp.net","uang":3763},{"id":"6282375626095@s.whatsapp.net","uang":4243},{"id":"6281515860089@s.whatsapp.net","uang":2819},{"id":"6287762518062@s.whatsapp.net","uang":3857},{"id":"6283879872928@s.whatsapp.net","uang":3775},{"id":"6285722340435@s.whatsapp.net","uang":2748},{"id":"6281393060533@s.whatsapp.net","uang":16263},{"id":"6285380910476@s.whatsapp.net","uang":3136},{"id":"6289513324303@s.whatsapp.net","uang":3289},{"id":"6283162964584@s.whatsapp.net","uang":3946},{"id":"6285891602059@s.whatsapp.net","uang":2367},{"id":"6282141336651@s.whatsapp.net","uang":2475},{"id":"6281297446782@s.whatsapp.net","uang":3481},{"id":"6285733032674@s.whatsapp.net","uang":2448},{"id":"6282114499086@s.whatsapp.net","uang":3766},{"id":"6287880121548@s.whatsapp.net","uang":2157},{"id":"6281398298299@s.whatsapp.net","uang":2376},{"id":"6283802674141@s.whatsapp.net","uang":1990},{"id":"6289603658404@s.whatsapp.net","uang":1966},{"id":"6281242156015@s.whatsapp.net","uang":1889},{"id":"6282276350125@s.whatsapp.net","uang":2552},{"id":"62895610009401@s.whatsapp.net","uang":1796},{"id":"6285691949462@s.whatsapp.net","uang":10136},{"id":"6288221462359@s.whatsapp.net","uang":2148},{"id":"6282172731457@s.whatsapp.net","uang":1622},{"id":"6281373323199@s.whatsapp.net","uang":1518},{"id":"6281257220331@s.whatsapp.net","uang":3410},{"id":"628889517069@s.whatsapp.net","uang":1507},{"id":"6283865755798@s.whatsapp.net","uang":1612},{"id":"6283157106732@s.whatsapp.net","uang":1422},{"id":"6289663065067@s.whatsapp.net","uang":4082},{"id":"6283897052474@s.whatsapp.net","uang":1337},{"id":"6281380116369@s.whatsapp.net","uang":1517},{"id":"6289636324034@s.whatsapp.net","uang":2065},{"id":"6281223461902@s.whatsapp.net","uang":1794},{"id":"628818819865@s.whatsapp.net","uang":1056},{"id":"6287863948053@s.whatsapp.net","uang":8694},{"id":"6281214787724@s.whatsapp.net","uang":1330},{"id":"6281991470238@s.whatsapp.net","uang":1035},{"id":"6287742365162@s.whatsapp.net","uang":1224},{"id":"6285656632347@s.whatsapp.net","uang":1053},{"id":"6288704595235@s.whatsapp.net","uang":944},{"id":"6289513167121@s.whatsapp.net","uang":933},{"id":"6287859260756@s.whatsapp.net","uang":930},{"id":"62895413057674@s.whatsapp.net","uang":1150},{"id":"62895424466726@s.whatsapp.net","uang":1533},{"id":"6287702691810@s.whatsapp.net","uang":852},{"id":"6283134733313@s.whatsapp.net","uang":5664},{"id":"62859162540211@s.whatsapp.net","uang":5917},{"id":"6289652848220@s.whatsapp.net","uang":758},{"id":"6283195431949@s.whatsapp.net","uang":1414},{"id":"6285264007224@s.whatsapp.net","uang":739},{"id":"6281397617848@s.whatsapp.net","uang":660},{"id":"6285253418985@s.whatsapp.net","uang":658},{"id":"628113091555@s.whatsapp.net","uang":3117},{"id":"6285794193314@s.whatsapp.net","uang":2794},{"id":"60142394690@s.whatsapp.net","uang":572},{"id":"6283178031177@s.whatsapp.net","uang":948},{"id":"62895354590006@s.whatsapp.net","uang":2547},{"id":"6282249489125@s.whatsapp.net","uang":475},{"id":"6287858769085@s.whatsapp.net","uang":571},{"id":"6285894930001@s.whatsapp.net","uang":474},{"id":"6287860587388@s.whatsapp.net","uang":1498},{"id":"6282143233535@s.whatsapp.net","uang":469},{"id":"6288809632257@s.whatsapp.net","uang":1123},{"id":"6287826915553@s.whatsapp.net","uang":462},{"id":"559184155848@s.whatsapp.net","uang":382},{"id":"6285925833027@s.whatsapp.net","uang":379},{"id":"916371808306@s.whatsapp.net","uang":379},{"id":"6285277030729@s.whatsapp.net","uang":653},{"id":"6288226805070@s.whatsapp.net","uang":372},{"id":"6281549272152@s.whatsapp.net","uang":371},{"id":"6285321863791@s.whatsapp.net","uang":287},{"id":"6288286774508@s.whatsapp.net","uang":5585},{"id":"6288276442045@s.whatsapp.net","uang":282},{"id":"6285691349735@s.whatsapp.net","uang":755},{"id":"6281217648226@s.whatsapp.net","uang":281},{"id":"6288276520699@s.whatsapp.net","uang":568},{"id":"6282278989302@s.whatsapp.net","uang":278},{"id":"558598077092@s.whatsapp.net","uang":285},{"id":"6283195866044@s.whatsapp.net","uang":3014},{"id":"6289523059144@s.whatsapp.net","uang":192},{"id":"6285741957182@s.whatsapp.net","uang":190},{"id":"6289620394668@s.whatsapp.net","uang":188},{"id":"595985781193@s.whatsapp.net","uang":188},{"id":"6285830405964@s.whatsapp.net","uang":281},{"id":"628970956758@s.whatsapp.net","uang":184},{"id":"6288235435804@s.whatsapp.net","uang":749},{"id":"62895621033971@s.whatsapp.net","uang":98},{"id":"6288705894541@s.whatsapp.net","uang":195},{"id":"6287711803408@s.whatsapp.net","uang":96},{"id":"6288223665357@s.whatsapp.net","uang":96},{"id":"6285927503550@s.whatsapp.net","uang":96},{"id":"6289638252998@s.whatsapp.net","uang":286},{"id":"6285700061671@s.whatsapp.net","uang":94},{"id":"62895610063378@s.whatsapp.net","uang":193},{"id":"6281286820515@s.whatsapp.net","uang":2851},{"id":"628551252608@s.whatsapp.net","uang":92},{"id":"6285228507823@s.whatsapp.net","uang":91},{"id":"6282285103737@s.whatsapp.net","uang":91},{"id":"6281280304565@s.whatsapp.net","uang":90},{"id":"62895395796076@s.whatsapp.net","uang":0},{"id":"6289530880273@s.whatsapp.net","uang":956},{"id":"62895399251326@s.whatsapp.net","uang":0},{"id":"628157105310@s.whatsapp.net","uang":2275},{"id":"6281293529632@s.whatsapp.net","uang":0},{"id":"6289612609577@s.whatsapp.net","uang":95},{"id":"6282237186054@s.whatsapp.net","uang":0},{"id":"6285714934962@s.whatsapp.net","uang":99},{"id":"6287810324253@s.whatsapp.net","uang":748},{"id":"6289530810357@s.whatsapp.net","uang":1417},{"id":"628871824016@s.whatsapp.net","uang":1780},{"id":"6285157454646@s.whatsapp.net","uang":0},{"id":"6287781100760@s.whatsapp.net","uang":3015},{"id":"6285792237701@s.whatsapp.net","uang":2273},{"id":"6285726227427@s.whatsapp.net","uang":1044},{"id":"6283819654409@s.whatsapp.net","uang":6624},{"id":"6283896085984@s.whatsapp.net","uang":283},{"id":"6283862791774@s.whatsapp.net","uang":0},{"id":"6283112295048@s.whatsapp.net","uang":270},{"id":"62857276116347@s.whatsapp.net","uang":1236},{"id":"6289655089500@s.whatsapp.net","uang":847},{"id":"6282279083178@s.whatsapp.net","uang":195},{"id":"6288215027563@s.whatsapp.net","uang":94},{"id":"6283894155113@s.whatsapp.net","uang":1229},{"id":"6282158773458@s.whatsapp.net","uang":471},{"id":"628990248041@s.whatsapp.net","uang":0},{"id":"6285722537723@s.whatsapp.net","uang":288},{"id":"6283898732422@s.whatsapp.net","uang":3630},{"id":"6288709790025@s.whatsapp.net","uang":284},{"id":"6285261163064@s.whatsapp.net","uang":775},{"id":"13476998180@s.whatsapp.net","uang":1710},{"id":"6281211612813@s.whatsapp.net","uang":938},{"id":"6285717856930@s.whatsapp.net","uang":2072},{"id":"6289513864036@s.whatsapp.net","uang":293},{"id":"6285780116524@s.whatsapp.net","uang":846},{"id":"6287870552007@s.whatsapp.net","uang":469},{"id":"6282331761976@s.whatsapp.net","uang":577},{"id":"6289656105076@s.whatsapp.net","uang":187},{"id":"6287816381662@s.whatsapp.net","uang":471},{"id":"966547764430@s.whatsapp.net","uang":372},{"id":"6282278074508@s.whatsapp.net","uang":183},{"id":"6287846541385@s.whatsapp.net","uang":2262},{"id":"62895700525873@s.whatsapp.net","uang":1511},{"id":"994405939688@s.whatsapp.net","uang":2635},{"id":"6285741342390@s.whatsapp.net","uang":375},{"id":"6289693848709@s.whatsapp.net","uang":94},{"id":"62895321031645@s.whatsapp.net","uang":96},{"id":"6283895728450@s.whatsapp.net","uang":287},{"id":"6288803122973@s.whatsapp.net","uang":291},{"id":"6285727093196@s.whatsapp.net","uang":1608},{"id":"6281285087435@s.whatsapp.net","uang":559}]